score-Bs_1,RMSD-s-Bs_1,RMS-Bs_1,score-Bs_2,RMSD-s-Bs_2,RMS-Bs_2,score-c1_MC,RMSD-s-c1_MC,RMS-c1_MC,score-c1_NM,RMSD-s-c1_NM,RMS-c1_NM,score-c2_MC,RMSD-s-c2_MC,RMS-c2_MC,score-c2_NM,RMSD-s-c2_NM,RMS-c2_NM,score-c3_MC,RMSD-s-c3_MC,RMS-c3_MC,score-c3_NM,RMSD-s-c3_NM,RMS-c3_NM,score-Md_1,RMSD-s-Md_1,RMS-Md_1,score-Md_2,RMSD-s-Md_2,RMS-Md_2,score-Md_3,RMSD-s-Md_3,RMS-Md_3,score-Nd_1,RMSD-s-Nd_1,RMS-Nd_1,score-Nd_2,RMSD-s-Nd_2,RMS-Nd_2,score-Nd_3,RMSD-s-Nd_3,RMS-Nd_3,y
-3744,688.1097005565312,5924.6,-2978,785.971150870056,4904.6,-3321,877.4260082764816,14623.8,-4241,1018.8748454139417,7080.111111111111,-1956,584.731767565266,10279.7,-2765,677.6803081099524,10110.6,-3399,543.7425861563539,11950.666666666666,-2890,392.25637245097124,2289.3333333333335,-4003,945.7857526945521,22490.9,-4237,1079.2918465364223,8105.3,-2929,354.52454685252326,16583.777777777777,-3186,1080.8836015038805,10584.0,-2363,539.6609676454281,8345.2,-2487,522.6842354615247,11903.0,1
-3827,546.2390044659945,9702.7,-2025,303.33275457820287,4032.3,-3332,548.1576871667492,9494.7,-3885,548.2989695412546,4602.4,-2986,929.3066447626423,16946.7,-2574,886.1580502370894,11338.0,-3607,675.7298646648671,3447.7,-2651,744.3889104493696,7583.4,-4678,435.1727626280555,2122.3333333333335,-3343,905.4393381457029,12322.222222222223,-3884,480.7354886005414,8787.3,-3327,289.94751249148777,11841.0,-2667,647.8994443584587,15160.7,-3234,408.0779949960551,10976.7,0
-6221,505.5282484688652,3545.8,-4908,607.6932705823818,13789.333333333334,-5603,344.6763119217821,7580.3,-6871,936.7712871584185,15652.777777777777,-5584,751.7984370827043,16205.5,-5193,288.8388418187709,7477.666666666667,-6357,611.1774509446603,4612.333333333333,-6807,599.3323702253964,3990.4,-7945,1031.7981440184915,11205.4,-4064,671.6852238958359,18083.3,-6195,646.840087475593,6679.111111111111,-6426,584.8231271076719,8891.1,-6665,1273.9501756348247,13306.3,-5975,244.92017066789975,4462.9,0
-1453,486.89345857179063,6123.2,-1613,413.03578537458446,12346.7,-3580,600.0831692357323,11572.6,-3483,310.657049604763,17589.555555555555,-2864,660.9239366220595,13511.0,-2715,281.51818768953495,8857.8,-4087,845.668286031822,6586.9,-3332,701.190337925445,10439.2,-2826,448.4730092212919,13292.8,-2851,671.7120290719824,18568.6,-3535,847.0951540411497,9919.7,-3753,782.6238943451697,16405.9,-1497,1030.2853197051777,11860.6,-4039,956.2538627372965,6850.8,0
-4614,972.0864159116719,8107.8,-4677,617.9712291037546,7064.7,-6116,390.06384092863664,4212.1,-6634,791.5903296529083,12628.8,-5361,830.1356128985591,5404.666666666667,-5027,555.1050801424884,11578.0,-6396,912.9099024547854,14574.3,-6397,625.7613682547099,13157.7,-6043,894.3717851095283,18858.3,-6065,949.7765169231997,10158.0,-5874,544.1049163534549,4307.9,-6826,877.4104716735891,14296.111111111111,-5603,562.323652356894,15399.9,-5737,737.1121013794307,9836.0,0
-5785,554.5885321569509,3386.9,-6259,529.6257641014071,6137.9,-5608,765.762659053051,9544.1,-6222,691.5876589413627,11703.5,-4598,624.6791256317101,4863.8,-5785,302.6987941832584,2346.1,-6427,436.27899104207427,14252.666666666666,-6715,600.2242914111382,10393.3,-6311,630.5166452997114,6366.0,-6044,1354.5827565875936,7015.0,-6630,449.4817460142248,5870.5,-6686,580.9661263791553,6692.0,-5607,641.1048354208539,10976.3,-6063,786.4499729798424,17624.3,0
-3908,253.45137600731155,2825.0,-3960,459.7580341875488,5281.3,-6019,999.4606345424519,14190.3,-5022,505.9576662132875,4019.3,-3068,398.448252600008,5730.7,-3584,555.3361594565944,14559.2,-5594,362.8660221073337,2967.375,-6580,1004.8782065504242,3695.8,-5600,907.8645053090231,10090.6,-5039,1206.3203720405288,5196.5,-5570,601.6092206083551,4095.4444444444443,-5670,760.9411343855713,5231.9,-4006,559.5458034628082,8601.555555555555,-5519,540.7964866749782,12344.7,0
-4014,736.0653775311009,4772.5,-1947,447.40296154585315,3871.3,-3733,617.6284077015885,6921.1,-3814,335.31054263174946,9857.9,-2896,681.149359538714,5051.7,-1698,472.53947983210867,12005.3,-2893,466.7955548203087,4469.6,-2540,277.0851364463755,8320.111111111111,-3339,415.0985425173169,6037.1,-2351,306.19877530780474,11881.6,-3381,496.4560806355369,4661.2,-3400,595.4845086146237,8953.6,-1910,625.6380822808021,7195.4,-3082,720.8334342967173,7563.9,0
-7327,1358.3939929195822,9749.8,-5702,511.9881736915456,5852.7,-7676,965.5034380513058,7251.222222222223,-8195,1107.5118035767075,5967.222222222223,-5213,795.419417665926,10332.8,-5576,284.96631813099305,2452.777777777778,-6675,833.6528114269163,7189.0,-6213,433.88085922289946,5175.6,-7418,761.5133879322202,2450.7,-5403,730.8408911406508,11199.857142857143,-6811,842.4174662837897,5277.75,-6532,880.3416155107059,14230.3,-6089,573.2529633591066,7802.8,-6964,604.1826639006006,8384.444444444445,0
-3375,546.503513254946,9349.8,-2107,400.7359895658655,4357.111111111111,-4246,776.8098580447825,6535.888888888889,-4404,649.4764429908142,5091.5,-2240,385.7939346335035,10295.3,-3019,401.39472890791757,12522.555555555555,-2743,642.4346054052677,9619.111111111111,-3211,375.47617767309987,4542.9,-4394,571.4527189540714,8541.3,-4064,1396.9748065015344,9436.4,-3313,385.25374033803473,7930.777777777777,-4470,790.3184231687877,13505.1,-3008,632.9949841823396,14894.5,-3279,699.7531064597006,5011.0,0
-6395,2179.2994683704,13305.444444444445,-5294,525.8869286532982,9330.666666666666,-5856,522.0808845380179,7918.5,-6726,348.8030389775903,2519.0,-8228,1273.9783553891336,20744.3,-6207,1363.9236928802152,10997.4,-6097,1093.0639777135646,10879.25,-5997,621.6190875447724,12468.1,-7497,815.2317216595569,4138.6,-5852,815.9018568430863,12340.9,-6474,436.2758416415003,9187.0,-7412,861.0280676803418,6272.777777777777,-6686,622.1948605095093,7848.0,-6989,863.2248606243894,5263.9,0
-7371,605.0266191470791,2569.4444444444443,-4886,302.06760832635393,12187.9,-7820,956.8499759853769,6533.444444444444,-7334,536.2141363298822,6883.0,-6118,769.7006793568979,10497.333333333334,-5091,919.1884518421682,4130.9,-5482,581.6105569880899,5768.8,-6888,582.1968739180925,5410.7,-9404,1279.277018475672,14728.8,-4814,541.212310865247,14497.0,-5821,568.6573309120387,6458.1,-7237,446.93936948986385,17506.7,-7103,853.0755886789874,9721.4,-6184,466.63836104633197,6887.6,0
-2787,699.4714361573315,10323.2,-2429,1221.1937794279743,5566.222222222223,-4558,659.8028872322398,1443.0,-4749,471.3099723112187,6250.1,-3403,828.44541159934,11981.3,-2657,367.36352567994675,11332.4,-3053,433.54695247458596,9761.1,-4106,777.0585462981538,1240.375,-5609,1461.3102018985708,5731.666666666667,-2532,1176.5644733715192,12834.8,-4071,594.3854305078474,3239.9,-3734,271.83872056791154,17614.3,-3776,1125.5248775571333,9616.3,-4362,505.85457396370316,5802.0,0
-5039,474.1286850634558,13979.5,-4606,395.4205356326332,10812.9,-7233,792.8515343716981,2439.4444444444443,-8194,1004.7282219585538,13308.9,-4612,635.6699143423375,13389.4,-5303,684.5931476269482,15361.777777777777,-6372,568.1940601590321,15436.8,-7637,362.6789351478769,5289.7,-8464,1073.3282116855044,9665.6,-4595,588.2189133307414,15668.4,-7337,867.432239428536,8450.8,-6037,440.1378079647318,10946.4,-6879,963.2585258664076,7581.666666666667,-7336,540.8038923676506,9079.6,0
-1389,971.4520523422657,7536.5,-2798,319.0976088136944,1809.7777777777778,-3628,475.4221282187013,3117.1,-4031,713.4022988468707,12378.1,-4143,805.900217148501,9217.6,-2552,367.70915774747476,5616.444444444444,-3531,653.4817212439849,15591.1,-4762,920.7300418689501,4696.6,-4024,548.8466179179748,5580.2,-3398,1313.979071370621,14631.4,-3312,673.0355191221335,9537.9,-4553,727.3333554842652,15824.4,-4447,1239.2993938731354,17256.444444444445,-5742,1440.813076352257,11046.111111111111,0
-6987,1013.6095155433378,13865.9,-5666,503.46284867902233,5371.1,-7555,1072.0155829091275,13158.7,-6347,672.6229330018384,10790.0,-5722,435.04446899139526,3070.2,-5685,819.022612630449,1819.9,-7060,688.5830862478864,2970.0,-9401,1182.175907614098,12232.888888888889,-7152,618.4777764802855,5829.1,-6027,855.8621442732478,3106.9,-6622,597.5275808500766,10446.333333333334,-8050,1142.6705080643296,4538.0,-4136,586.1314187108545,12083.3,-6812,457.7213562856894,11221.5,0
-2437,369.6870162718719,15121.4,-2883,562.6091805152133,8796.2,-3913,881.6626565756321,11658.0,-5086,1035.3325504397128,17558.1,-3020,553.8426130228693,2199.3,-3062,472.7142534683051,9364.888888888889,-4527,978.2798372653908,7595.8,-5848,1752.3642201323323,7709.3,-2891,472.5389526043272,8199.444444444445,-3196,829.8107841550386,13017.0,-3729,570.6918608145724,11355.6,-4959,752.7558701199216,12893.5,-3992,701.1958356978453,13299.7,-3639,645.991919454107,13048.1,0
-6781,1383.277571566894,11249.0,-5616,248.30974285165692,1274.888888888889,-7407,838.9973122722203,7895.6,-6949,901.4162930263288,14696.444444444445,-4580,406.8071902019476,10186.2,-5431,579.8596036973089,9348.6,-8152,912.8625800195756,4641.8,-7126,282.4444901214983,4611.6,-8398,1309.476800099952,10547.1,-4785,562.504408871613,15062.3,-7173,1044.8608711211243,5344.3,-8749,885.0358661517622,14239.75,-6344,912.2608057884413,8116.333333333333,-6976,848.4949557893657,13010.3,0
-6439,909.5981750201589,8304.7,-5693,658.3535828109373,5300.6,-7284,620.4892533962585,5473.111111111111,-7055,1094.7845267448733,3133.3,-5457,883.9681498787188,15681.7,-6059,596.7276514457774,11797.6,-5454,540.2004165122373,2884.6,-5531,460.3629546347108,11848.9,-7359,280.4763584588207,1301.2222222222222,-4069,444.5150278674495,8193.9,-6278,533.0389197797869,2434.1,-6978,580.1608972230584,3359.222222222222,-6469,291.2135527981756,9321.666666666666,-5882,516.1953990496212,5270.1,0
-5182,419.90279827598124,1491.6,-3793,596.4911147703714,4026.4,-5160,396.65754751422656,4247.7,-5689,606.7080352195749,4981.6,-4610,829.0090469952665,5638.9,-5208,648.0637622950388,15299.3,-5602,520.8069474797861,9066.111111111111,-6060,557.036049102749,2165.3,-5973,569.7845996514842,1810.1,-3096,489.18059037537495,7560.0,-4940,296.8845735298472,8143.3,-5269,294.1902047030334,8400.555555555555,-3999,234.56252950313794,6953.666666666667,-5013,465.83748239058906,5311.7,0
-75,1671.3372161236653,10459.0,-5442,343.4582361801722,2684.3,-6439,856.8667009575508,10482.555555555555,-7061,455.774461768098,8100.9,-5245,340.68134345422027,1257.3333333333333,-5648,867.1769657918716,8812.4,-6070,354.42883629862956,2385.3,-5474,688.7952090425689,12107.8,-7382,620.1748543757651,5683.1,-5302,769.7371564371798,14180.2,-6341,777.416439874831,10611.888888888889,-7250,767.7297766792723,3584.9,-4770,301.7249051161358,2029.5714285714287,-6003,918.3899825237623,9117.2,0
-358,2564.745492246745,11362.7,-6473,730.6689058663991,10608.9,-5537,392.0352025010018,9737.3,-7843,704.9080318263713,2638.0,-5279,685.2683343041651,5883.8,-4427,372.13793141791433,2611.9,-6757,518.3390878565921,6792.1,-5457,620.1607318537124,2522.6666666666665,-7454,239.4627216535776,2103.5555555555557,-4242,488.1557538327282,11263.7,-6311,377.89613652430296,4282.0,-6838,631.2398018978207,9649.875,-6410,599.3084681530909,9871.7,-6750,882.1741834807882,7327.1,0
-6772,1269.8999182884982,12474.0,-5244,515.3076750835332,7922.888888888889,-6914,766.0803874268003,10361.5,-6086,705.725272326276,10509.0,-5996,515.5639242615799,9108.8,-5942,908.744606586472,6497.1,-5908,407.9170986548615,18042.625,-6122,746.1320175775336,10194.111111111111,-6528,837.4113027658498,12399.3,-4791,590.3465507648882,12723.1,-6496,628.5351773256657,14822.555555555555,-6500,876.7152331287517,15344.4,-6037,427.00487116659906,2101.0,-6727,640.1717660128388,19386.9,0
-3657,886.5627106978956,9608.4,-4348,647.1436007564317,11759.0,-5698,523.9408745268834,8311.5,-4152,835.3699261885397,15090.888888888889,-3354,1054.246882850502,12611.9,-4158,530.5380759191562,4218.3,-5148,501.6716157009485,4175.5,-4534,848.1017863440688,16317.4,-5117,889.8742888745578,5198.1,-2819,479.9279216715773,13665.7,-4398,907.4801871115419,20241.7,-3757,668.7064535262501,20192.555555555555,-4792,646.28442654918,5876.7,-4216,792.3398697123616,15449.222222222223,0
-5437,637.8708411583029,11519.7,-6836,1094.2343624653706,7759.1,-6816,673.8089120811649,9587.1,-7693,1483.615367944132,9239.1,-6487,726.1086420088924,11404.5,-6064,774.9711994648595,12221.8,-6413,957.5752686142928,21276.11111111111,-7736,1649.6052982456126,12359.1,-7066,1197.1267936187874,11142.9,-4609,731.2626409163815,8811.8,-6934,723.766923809036,17010.8,-5809,486.6358083824046,9658.1,-6515,630.2490063459035,6759.2,-6156,736.4038914604038,18087.333333333332,0
-3892,659.4742200522924,8655.444444444445,-5001,961.4283124601639,11010.8,-4571,668.4727743147058,13838.7,-5333,767.186892741955,17015.222222222223,-4948,258.01784798060925,4533.555555555556,-5189,583.1353273469224,9291.0,-6050,484.752194425153,12245.7,-5546,487.34234373795425,5275.2,-4335,326.94967502660074,6929.4,-3534,502.05949286414256,17895.75,-5747,818.7940888892628,18342.6,-4010,436.75320262134244,5639.9,-4029,624.1689594973468,6621.4,-5385,691.666979116396,10569.8,0
-2992,772.7364686618591,5976.7,-3102,289.82173831512307,12727.6,-4152,683.1047943031875,5493.9,-6074,1130.3720349955584,16302.75,-3338,587.1853767479806,10067.0,-4628,1060.4466087455803,6859.7,-5747,1133.237066989957,13659.2,-4077,480.1565265619129,11474.6,-3222,573.8442645875266,14549.5,-4619,939.9989493033268,14058.888888888889,-3646,727.0133767682684,20256.8,-4167,674.2820552261487,12885.8,-2698,643.9063285913553,10867.0,-3520,1094.360658101341,8265.6,0
-6307,961.3683789266215,11674.5,-6361,368.7987120367893,12615.2,-6616,650.6751099937916,13698.222222222223,-7547,996.6966690021593,11725.8,-6012,575.0396595018432,3192.6,-5650,471.5480993493619,12133.5,-6892,424.481342346167,8076.8,-7658,1311.6652621762923,15429.8,-6078,756.7101228343657,15497.5,-4879,437.9131877438734,5233.5,-6278,504.1916798202842,5390.6,-7267,1121.1011774144213,18802.7,-6118,836.6019125008032,7994.6,-6460,666.6164114391378,17969.2,0
-3015,1505.690874648578,8341.5,-1919,1402.5761476654307,6418.1,-3100,1259.4936323777108,7357.9,-4168,1172.9579020578701,4828.2,-1966,477.89103360494227,18478.0,-2544,660.1191483361164,4387.9,-3006,414.21182986486565,11187.9,-3070,561.642092439661,4559.1,-4472,772.8354029157817,1784.7,-2860,1072.0254741767803,12436.888888888889,-3749,608.6531113861149,6334.7,-3976,644.9585880092723,5697.666666666667,-2129,608.8474439463469,14487.0,-2926,737.1361407501333,10956.5,0
-1459,1425.7939682857407,6578.5,-5250,585.5688601693201,7215.1,-5972,379.9760518769581,4944.6,-5910,1442.9782707996676,15201.9,-4859,930.9595318809505,18711.7,-4382,1042.1321845140367,14562.0,-6239,1501.7346137050986,6510.4,-6420,1252.9906544930484,5829.666666666667,-7129,515.400271633616,7830.2,-5125,832.6948813533664,10595.222222222223,-6410,1670.6392219746315,6538.8,-6042,1666.513033252367,7007.4,-6164,1064.633533193464,13463.3,-6111,1599.4285385724486,18165.2,0
-3992,942.4227077060488,9671.9,-1551,398.7538087592394,8983.1,-3045,552.1898586537059,5850.7,-4207,372.05448957092125,6178.888888888889,-2838,271.8801942032571,8038.7,-2595,372.3264696472707,4629.5,-3271,523.0799339335725,18228.222222222223,-2799,306.54494363655095,5657.333333333333,-4382,795.5650837418244,19893.777777777777,-2502,847.2566768950302,15462.111111111111,-4131,587.0027342355392,6809.2,-3336,509.968087236839,10116.6,-3711,735.086450698148,11110.1,-4353,925.2548531133868,5204.888888888889,0
-5035,707.815418500236,9365.444444444445,-5999,535.501426494623,3287.4444444444443,-5909,1190.206456880486,4045.2,-5791,566.4596719979266,12581.0,-6633,824.2597952102243,10913.1,-5156,645.203099806567,6168.1,-5694,522.8083235851136,4804.555555555556,-5843,358.3844304653852,5758.1,-5751,225.08171355705431,7655.0,-4843,482.3473851903833,10497.8,-7730,1064.056783966989,4066.222222222222,-7582,991.8249291079576,11519.3,-6549,404.61241948314057,6326.2,-7696,1594.5998369496972,14648.3,0
-2662,766.4653221118356,11430.9,-1925,698.778255242677,10266.7,-3121,1159.2379680922577,13784.888888888889,-2923,574.2727923208623,5183.2,-3191,386.01669509088464,1496.6666666666667,-1434,479.50183524153505,17381.9,-3841,446.5850422931787,14990.0,-1530,759.5348642425837,12558.6,-6378,1702.4404864781613,14991.5,-1754,519.2669929814526,13917.1,-3606,511.48036130432234,3166.2,-3470,400.2121659542323,19337.444444444445,-2576,316.37958214777467,1977.8,-3674,619.8845376358413,19167.3,0
-5412,775.8618175938282,4046.9,-5059,796.1229553278814,3169.8,-5929,592.4878142206766,12024.8,-6110,634.9190499583415,10194.2,-5694,687.7249845112425,13640.666666666666,-5076,763.8332343362267,5021.777777777777,-5833,845.3727935059162,9434.5,-5751,1222.75835715811,12209.0,-5650,433.15573283623036,1219.0,-5339,901.6115201866788,14790.666666666666,-6470,281.6725226215657,1318.8,-5469,728.0628338268577,7535.5,-5845,407.4033505016799,15887.8,-7159,1342.6222361989264,13290.444444444445,0
-2704,541.6953387283302,12234.0,-2111,603.6351629916865,11106.3,-3309,473.9843457330634,12024.8,-3520,515.963559819615,1774.6666666666667,-2879,542.091104365399,8549.444444444445,-2952,1038.6591784068964,10312.666666666666,-3357,603.9447325707869,3419.2,-2515,684.5999123575755,5985.7,-4170,747.8839749586833,12572.6,-2556,919.5802719410686,16265.666666666666,-4186,666.7586444883941,9363.3,-3593,565.8127693857747,4955.6,-1877,395.930663121713,11730.0,-2083,549.306153251536,8507.4,0
-5939,1007.3993409263087,4583.555555555556,-5182,830.8211359853585,11027.7,-6157,890.1798975488044,2730.6,-6197,1005.4468658263343,7628.7,-4918,787.9327699746982,4893.6,-5910,629.2315948837904,12137.0,-6033,524.4381374385382,10645.8,-5152,242.3489426426241,9730.9,-6697,567.084341169811,16647.2,-4727,477.3732711411482,5209.0,-6301,734.146182503147,10192.0,-7484,903.0987985818634,8331.0,-5936,846.2567249035283,14075.111111111111,-6631,702.5204979215914,14650.0,0
-3647,634.5545603019493,11715.1,-2093,656.6609779787437,7703.9,-3505,611.7612606237827,9654.7,-3717,763.633128901278,8759.444444444445,-1919,278.3656588015131,10196.3,-2820,901.0754962820816,11201.8,-3135,342.37945323865375,11009.4,-2664,934.9742723733101,7866.5,-4459,579.3605883713736,3771.8888888888887,-2054,443.217723717457,15466.333333333334,-4134,862.1837681144314,6885.5,-3667,804.9052180225949,4580.7,-2450,669.2141959044205,7947.6,-2874,745.0221204769688,10335.5,0
-5772,1116.5851512535883,6032.1,-5871,729.277183243793,6609.8,-6799,769.7782537848148,3356.5,-8291,1239.8009356344264,8898.2,-5465,1183.7663789785565,3720.5,-4796,752.3786546679808,4574.0,-6094,752.3497773642257,1729.5,-6150,917.3361730145546,8098.0,-6766,836.3660980694997,14525.3,-5039,668.5731747535193,13403.2,-6346,903.6783719886193,6016.0,-6072,897.1135323915217,2632.9,-6888,1261.7410035344033,8889.1,-6735,942.1180870782612,13305.7,0
-2549,355.1518689237044,5295.3,-1768,432.7282750179378,4469.2,-3211,499.77167626333375,3780.8888888888887,-3799,508.2372569725679,2451.25,-1920,454.38468284043245,13369.1,-1605,274.39353126486066,5880.5,-3293,193.26409392331945,12438.5,-2503,416.8932237396034,8960.9,-4452,748.2291159798585,5043.5,-1416,433.607714414769,13236.7,-4206,674.5283166776612,13414.9,-4625,878.5496912525772,1923.0,-2638,750.1759060380442,9674.3,-3809,641.737087910618,7660.9,0
-5766,334.5624605361387,2360.1,-5847,552.2179074278154,5502.777777777777,-5353,577.3349201286856,1384.6,-6857,420.45778622829664,16453.0,-4232,843.184019061082,17457.4,-5601,531.3046583646753,2049.9,-6030,331.4937254308083,10574.4,-6459,456.8762157775481,6581.444444444444,-6882,691.7950274467083,10809.5,-4726,481.09218451352905,10553.6,-5989,292.48112738524645,6599.444444444444,-7625,691.5718328561404,12020.4,-5675,242.72752213129542,5303.5,-5443,674.884760533229,12703.5,0
-3678,908.145918891893,8444.7,-2704,850.4438202244901,5316.111111111111,-3284,592.2352719012525,3590.5555555555557,-3128,497.7890717964779,3355.8,-1830,716.6178277932463,15778.777777777777,-2818,675.9480749288364,14123.9,-2691,369.27850910112625,3470.8888888888887,-2633,304.5512108004176,2479.8,-3229,710.9025249638662,8681.9,-1279,410.5688858157665,17545.3,-2749,426.00855625210056,10425.1,-4270,412.6824642828052,4971.142857142857,-2899,716.7013945074259,13071.777777777777,-4709,924.9402383097213,4673.888888888889,0
-6592,1136.7356948737008,2685.4,-5869,695.6411023005132,8191.666666666667,-6001,1019.5002043485151,1757.6666666666667,-7020,483.2620892575525,18230.11111111111,-7921,1089.874011067334,14792.3,-5195,642.3519985179464,2568.9,-6768,837.2216194055209,8611.9,-5900,502.7706833139768,5293.4,-6889,996.4764372527809,22546.8,-5774,865.4375136311112,9978.0,-6570,503.59352408465304,4771.25,-7667,1117.9241879483575,8406.1,-5326,755.8414913194454,17264.2,-7239,1688.5647276625707,9819.555555555555,0
-3290,987.8949763891909,5690.25,-1790,789.2448542752747,9065.5,-3899,669.6091695907393,5050.4,-4712,788.7674181911934,7559.5,-2393,521.1734206336697,5426.125,-1956,399.25959252373946,6657.777777777777,-2704,272.1496647067573,7088.9,-1377,544.5992655154796,8249.4,-4174,568.3348213296474,3520.1111111111113,-2399,803.6597922805363,13773.222222222223,-3019,484.5761137324031,16243.2,-2269,638.7755865716848,6528.125,-1941,564.8817221330509,9011.6,-3085,614.2650567955184,11051.6,0
-5374,683.1345109127469,4525.0,-4699,522.7748655013921,11746.6,-5387,714.3582854562559,10283.0,-7592,1005.5623501305168,6134.6,-4960,736.5816248047464,12726.3,-6764,1150.7587236254162,9077.2,-5606,483.7164045181832,1767.0,-5619,424.0231766318736,11141.111111111111,-5178,256.4275942856227,4619.111111111111,-4708,724.0300062842695,12745.8,-6621,288.0764216164839,2371.8888888888887,-6306,836.5614681540166,13278.1,-5974,812.2933849354389,13342.222222222223,-7337,1365.928725794512,12965.777777777777,0
-3997,669.2802288214984,13823.666666666666,-2347,449.95098621961,10548.2,-3372,388.1157043975427,6046.6,-4157,390.6755175334145,8750.1,-3365,583.693983750619,5496.777777777777,-3070,576.6122860250738,15681.666666666666,-3720,411.7232201370222,5945.0,-4011,451.9335791905698,4438.5,-3893,718.8742657794901,8016.2,-1941,637.6478965698858,14414.3,-4671,869.8841532066217,9230.3,-5574,803.3606973209459,2426.9,-5031,1376.4607513474546,9079.4,-4718,510.54787807067447,3204.777777777778,0
-5661,543.560196758372,6054.625,-5753,691.9618558851354,3119.5,-6363,848.2357926897455,1967.1,-6271,710.5768305389396,21623.333333333332,-5439,873.9443288905751,3311.6,-4245,552.5702579763054,3971.3,-6439,650.0264609998569,13834.1,-7672,517.9793914819377,7569.9,-8245,1077.9184616658167,13322.7,-4814,502.8302795178518,15655.3,-7907,702.6657881785229,7283.111111111111,-8510,1215.6582620128067,6944.5,-6033,149.39330640962265,1997.7,-7076,939.0268633005124,7934.7,0
-3176,1475.0427281946784,4760.5,-3036,378.0196952540973,3057.4,-3459,1886.5331934530068,12697.6,-4695,401.3207686813629,3826.875,-4078,820.1903573087293,12721.333333333334,-2188,524.5490348861576,3535.0,-3873,372.4980671090773,12968.7,-3406,310.457595119441,10126.714285714286,-4502,837.7524037566229,4686.3,-2473,1122.333212553206,17747.7,-3286,567.7813437591864,17977.333333333332,-4508,545.1972487091264,11443.8,-2133,393.4710154509483,11010.1,-3975,954.5929184736285,10221.5,0
-5641,1237.6006666126195,2176.3,-5510,635.4564422523364,5426.3,-5358,1193.2269859502862,8602.9,-7252,817.4744304529945,5899.888888888889,-5541,1262.4481613119801,5685.7,-5909,1202.851532816915,3696.1,-6789,426.59049450263535,4465.5,-6410,1159.4756746046878,7025.2,-7578,980.7795589274282,6920.888888888889,-4766,1114.7540580773857,8244.2,-6852,1975.0503892306137,12627.1,-7273,552.7355968272652,13186.1,-6385,772.3060597975381,19556.2,-6523,1119.9988437494032,12738.8,0
-5321,614.8872424986982,7158.111111111111,-4496,291.79863681046857,10573.666666666666,-4673,365.28209646792385,4760.3,-6468,777.6665158514596,4383.888888888889,-4898,374.24077810948984,6388.7,-5540,514.8536102621741,11925.2,-6021,441.64930586948736,13446.0,-4419,416.62266434322083,5269.444444444444,-4514,368.5311384401585,14949.4,-6184,596.3006288777541,16220.6,-4853,590.5135138165772,14125.6,-5060,299.58666999635926,13138.111111111111,-7209,984.0921501566809,17210.1,-5697,627.8901177753954,21601.333333333332,1
-6308,1343.1938802719437,14985.2,-5682,337.5997337779022,1917.7777777777778,-6171,1151.815421598487,10797.888888888889,-7506,550.2409017875689,3889.6,-6314,811.1120091319239,10170.777777777777,-4495,635.5819924571498,17822.11111111111,-6969,916.0501900099599,3573.222222222222,-5790,586.7020453347671,20941.3,-6283,773.3248735169452,1526.9,-4945,719.4884156446956,6419.0,-5804,834.3626609574525,10058.0,-6321,575.4285446517213,4971.1,-6001,487.1689234752176,9472.6,-6062,918.3775694124956,16240.6,1
-6630,1200.684383030913,12845.666666666666,-5815,286.60022679682913,4417.0,-5890,440.86113823955594,1954.111111111111,-6358,378.1301297988978,4787.444444444444,-5361,299.49898163433596,5149.3,-4928,429.43399958549935,16515.7,-4698,372.6223719783407,10256.888888888889,-4963,315.63883877496596,10755.111111111111,-6672,501.42082077450584,12650.222222222223,-5842,345.2813490474122,4879.4,-5590,342.76079122326286,10609.6,-5227,336.90011872956336,10388.2,-6129,510.63990356327247,5557.0,-6129,762.2914403297507,12531.9,1
-4848,402.8900533169503,4525.111111111111,-6198,299.6261670815878,5447.6,-5876,209.17227349721898,3187.3,-6414,378.55151564879515,4142.4,-5799,354.02881238678657,16280.8,-5086,381.32317002773306,10188.5,-4780,654.4823068655073,8280.3,-5462,567.8387442805994,6215.777777777777,-7730,735.9321707874961,14747.7,-5730,406.60132808439874,12307.5,-5261,334.17841024899377,10552.222222222223,-6103,329.1888271959167,24569.777777777777,-5346,262.48978816116215,7177.333333333333,-6816,823.7319922533809,15777.444444444445,1
-6685,1013.7204304496935,9608.666666666666,-6406,617.255294643493,6224.555555555556,-5354,855.2481803546847,13901.8,-5945,393.73894825759874,10111.375,-5285,449.2280896640427,8388.555555555555,-4530,388.638135030521,8230.5,-5138,657.1787884586666,15334.0,-5136,655.2729711095,16034.222222222223,-7145,602.0804876262423,12761.555555555555,-5986,702.5614635033717,17933.8,-4309,399.4781095379294,15581.8,-5632,296.56628264184445,8400.8,-5137,673.3537331893245,8809.2,-6669,913.4918116764939,15467.2,1
-7186,1226.1681613873357,13936.9,-4797,466.1857045331916,15717.888888888889,-5213,669.0198653604497,10888.555555555555,-6093,257.265699229402,4112.3,-4839,375.23107547216244,14858.0,-5333,385.8354411589443,10022.333333333334,-4917,408.36563248628454,6710.571428571428,-6100,335.7320360049068,14390.0,-8008,1003.7271712846076,15540.0,-6044,666.5449797275506,3753.0,-4989,302.9362969338579,13001.8,-5864,188.74172829556696,5853.0,-5844,398.2845214165401,4772.4,-6845,850.2091742624242,20130.4,1
-5651,411.0414934954864,2579.75,-5473,540.0578580115301,9367.0,-5891,1076.6478718689787,9167.4,-7563,441.70981424460376,1903.6,-6133,270.7715538512124,3550.0,-5151,542.3793500632191,17287.875,-7510,660.0463525389713,6850.875,-4347,320.75175759456016,3312.0,-6160,825.02606625488,19441.8,-6266,532.198167978809,7683.5,-5586,516.7111862539839,14411.8,-6414,603.7565403372432,3555.6,-6036,758.2056713056185,10271.3,-6773,1027.6885179858718,6390.7,1
-4127,1219.6930498295326,7065.888888888889,-6247,978.4265174247881,5272.3,-4571,1299.8884144417934,11642.0,-7508,346.42984859853027,1743.5,-6251,764.4970160177213,12721.0,-6129,802.3972146013441,11923.0,-7474,930.8163352670584,7793.4,-6103,899.760684849033,16247.9,-4900,353.4400090538755,1505.3,-5284,586.356441546615,13985.777777777777,-4484,791.0260488757641,17747.4,-5886,937.2968366531487,16722.8,-4909,628.6603534500991,13520.9,-5816,645.9484809177877,7364.9,1
-6347,732.4363726631791,5576.2,-5971,899.1111666529322,5044.4,-5492,1482.948744762217,16752.14285714286,-7338,409.685817591723,802.0,-6683,372.45316218914564,14606.555555555555,-5630,581.7229924972855,12983.3,-7174,890.2315204484752,7812.6,-4761,574.8829832621975,11928.555555555555,-6534,569.7002369667748,9683.3,-6881,1313.932437380248,6152.7,-7015,752.393628920062,16001.666666666666,-6640,555.3903754439741,8228.888888888889,-5251,441.0066766942288,11713.0,-6278,1109.7252913321495,13453.333333333334,1
282,1884.2436213747303,7868.666666666667,-4953,515.4278319997878,9506.2,-6176,787.481834711128,20484.6,-7500,1263.11288489984,5724.0,-6323,959.3497540612032,4148.555555555556,-4725,549.3311842595502,8184.75,-4765,861.9500859198749,4038.5555555555557,-5013,676.5712157637196,6458.6,-6276,421.41581602971627,8186.4,-6941,947.7106362176164,11884.4,-5540,832.9622877654831,5740.222222222223,-6147,1165.0133733137986,4996.2,-6323,576.9307680399058,13997.333333333334,-5239,798.0750340663451,12894.3,1
-6773,306.26558633806707,2434.5,-5883,638.4798274025594,3141.9,-3547,722.5338068497667,9981.857142857143,-6817,953.3057222108745,5866.4,-5738,861.1219483905865,5174.8,-5081,1121.3170827201377,11693.8,-6912,1503.2975387460722,7992.5,-6427,1237.6947281135201,16889.3,-5762,857.5669303325581,7925.9,-6073,988.5844475190497,6835.333333333333,-5910,618.22451872726,8569.777777777777,-6177,1002.3073380954547,9310.666666666666,-5974,642.1082774735137,13536.9,-4869,1243.4911499484024,10069.6,1
-7071,1055.1730142493184,11220.5,-7114,1050.6902302772198,7948.4,-5256,1381.083143767963,7330.7,-6590,163.5494114939087,4693.2,-6353,695.2549532365801,6936.6,-6193,651.2458521940852,15263.1,-6690,639.4396852801048,550.4444444444445,-5357,556.1901203725208,9764.4,-6902,742.605622865265,3145.3333333333335,-6243,505.86137861572314,12770.25,-7011,772.19443147435,10156.5,-5807,442.222494198339,7527.125,-6073,531.7813554460142,9028.5,-5219,1000.3649534045068,17065.8,1
-7334,963.8028519878949,8251.375,-4569,711.4152373965551,13373.8,-6741,1919.9255089716373,11595.9,-7422,302.1858534081288,8788.8,-6633,787.1486909907122,4582.666666666667,-5316,840.4357500725442,17846.375,-7438,1091.800189742149,10987.111111111111,-4492,830.6235248293896,15163.2,-6050,727.4574970402052,6703.2,-4954,346.17015726052966,15818.222222222223,-6466,478.37293680418856,4491.111111111111,-5780,432.0348351295678,13268.555555555555,-5960,587.4294510832764,3138.2,-6583,707.9678241276259,14898.1,1
-7714,1262.5090538729264,6932.333333333333,-5382,311.5387776826449,1435.1,-5144,785.2202804875127,2211.0,-7368,410.85628739120943,3591.1111111111113,-6102,524.9825393921858,4748.666666666667,-5668,873.5960221979045,6729.2,-7558,525.5302940839887,721.8,-5326,839.6275629375467,18367.222222222223,-6537,257.15170619694516,8224.5,-6029,560.6336504349407,10165.5,-7488,1282.663548159755,14675.444444444445,-6178,1097.906189070815,18974.1,-6235,483.6872522867336,5657.444444444444,-7313,899.1771238193285,4154.25,1
-7365,1545.452506549457,9880.1,-5792,513.0074171003762,4042.9,-6680,1994.9201512842562,16922.6,-6259,387.0266842492712,8129.111111111111,-6164,476.3058202195308,1912.125,-6464,1237.4905292566891,16049.5,-7051,1262.7767765919675,3460.125,-4342,422.2880940483641,8175.25,-6105,851.9273443199245,2776.8,-6751,879.2935857834954,2373.2,-5872,350.179001845245,2407.777777777778,-6310,538.1298054373127,12294.875,-5565,696.2909521169984,9893.3,-4556,868.8604318301066,9025.9,1
-7308,772.7344238455511,14662.57142857143,-6166,590.9599430765073,4157.777777777777,-5792,1445.4501883197422,9720.0,-7102,319.6082478578442,2671.3333333333335,-6269,1025.1828021273943,6722.333333333333,-5732,572.8178069857832,21247.8,-7679,301.19496702842986,678.7142857142857,-5275,537.0007821223319,15492.8,-6813,458.1642112217493,4334.666666666667,-6349,810.953729023603,14263.111111111111,-7422,1068.3894536597386,15917.888888888889,-6494,784.3369237770232,15504.8,-5782,371.16333631196335,1801.3333333333333,-6509,1035.0847356617737,9320.9,1
-5347,555.8316291827956,11068.5,-6406,670.2864238517772,7945.6,-5774,230.3106814717929,8769.7,-6605,412.37822744312575,2960.777777777778,-6208,493.1771385617926,2015.2,-5222,382.2970572735328,9239.7,-4872,190.95303539980517,2951.1111111111113,-5137,216.55117178162863,7004.5,-7928,899.547352839192,21850.9,-4557,379.56524838000905,3736.4444444444443,-5232,512.3739259564204,13638.3,-5486,388.6092010119012,6428.888888888889,-5522,125.73163660927888,4766.111111111111,-7111,893.5497132224912,12295.0,1
-6152,705.8084586110556,9121.444444444445,-5715,899.1092814558194,4094.125,-5027,753.8289991768679,15718.1,-7410,376.1530749608065,7212.777777777777,-5411,335.5687708950261,13617.0,-6419,911.6629494135036,10432.444444444445,-6292,1500.9817363444179,15284.666666666666,-6580,1692.3519019400194,15674.9,-5986,506.6600931591112,2591.6,-5411,479.3332818214524,7465.222222222223,-5479,379.44787699765317,7632.333333333333,-6127,289.8671840257189,3101.5,-4783,605.5682950749658,15825.6,-5113,729.7772331335107,13505.6,1
-7290,901.4418217637199,7370.333333333333,-6107,894.1110054126359,13013.5,-6132,1148.568887790366,16626.6,-6973,466.97238676392146,4817.5,-6001,947.1732343148567,5040.333333333333,-5111,367.08040630270904,12243.555555555555,-7095,874.8746082993367,10537.111111111111,-5458,681.4213380867957,11845.7,-6087,758.8627609785564,10611.9,-6415,686.1178907447305,3243.8,-6838,693.9410637799172,1900.8,-6144,354.54500419552363,4181.5,-6050,687.3508565499859,21748.4,-4448,620.1756605994785,7997.5,1
-5495,479.66279822391743,5755.8,-5376,498.3955858552523,5271.7,-5960,1096.4303397845201,7098.1,-7550,438.794560890027,908.0,-6017,729.4006375100058,2882.4,-6979,1026.3811377845961,13599.8,-6976,709.9473501605662,4089.6,-4470,803.1187707929618,1773.1,-5804,418.1110020078384,5075.5,-7378,891.7940120902352,4026.9,-5166,394.66976350136093,11223.555555555555,-5951,498.86667475756917,1179.857142857143,-5270,701.7153268954573,6345.2,-6214,1018.7833460421521,7638.222222222223,1
-5225,596.797696041131,5586.2,-5262,428.76950684488145,10308.1,-5497,154.64423687937284,3621.4,-6072,491.9864327397642,4693.6,-5951,423.90678220570754,14054.3,-4787,455.5765577814557,7706.0,-4572,752.8456795943933,14231.666666666666,-5010,550.6084271058704,16843.7,-7427,719.2771062362264,19394.88888888889,-6203,651.8102561328714,7283.7,-4867,426.57829293109,18807.8,-5317,329.6969669256848,2995.5,-6267,575.9402833627813,4957.7,-5946,613.9646976822027,18389.8,1
-4680,643.2222322028351,11582.2,-5387,450.61983977628205,12823.5,-5600,385.31557196666233,6998.4,-6201,391.74034767942914,3459.5,-6209,374.9663451564659,2697.0,-5391,688.5338870239041,16402.333333333332,-6135,621.8080089545319,18683.4,-5218,662.8164451792042,6603.5,-6321,556.209394023517,14087.7,-5181,205.53160340931046,18870.6,-5084,215.8104724057666,11179.7,-5745,324.8756069636502,4024.0,-5325,422.62159197087635,6053.1,-6571,614.9918373442018,14187.7,1
-6920,816.9834004086061,12839.888888888889,-5330,434.55090610882644,2461.8,-4677,733.3616661193385,20305.11111111111,-6349,482.8560862203147,1877.7777777777778,-5071,676.540175728685,8372.125,-6008,1050.420973811083,12456.222222222223,-5430,276.38489353616995,6645.875,-5156,853.5809803410572,18013.9,-6828,864.4321893590022,20680.7,-4592,297.4547584647657,5028.777777777777,-5697,700.5009707345134,15315.5,-5679,311.90244597064344,2077.1111111111113,-5986,758.3394790145775,13693.777777777777,-6123,672.6433304508421,11177.3,1
-2133,618.1423784210236,10241.1,-2670,331.97079690840326,5912.8,-3398,722.7687675584946,5916.555555555556,-4070,390.87313798725097,7350.4,-2759,654.0223925830063,5932.9,-3391,635.2288787477011,20289.88888888889,-3420,560.9994295897264,13730.7,-2974,394.0203167350659,5607.1,-3487,299.9017534600215,4282.777777777777,-3364,215.82131383664012,13424.333333333334,-2955,326.1524675650393,7598.222222222223,-2668,982.9595922518888,14535.4,-4529,642.6674926996368,9051.444444444445,-3208,788.5838220788225,18873.222222222223,1
-4162,640.5940144569149,6537.111111111111,-4928,346.78142687388885,11555.555555555555,-4933,717.5689235188466,15142.8,-5923,386.9586541221168,1428.375,-5387,469.51566534036,1818.7,-5656,907.2927642167109,15857.9,-5369,708.5274588892119,14800.3,-3773,256.4563120689367,6761.7,-5812,271.53690356928536,4848.3,-5576,849.5131311521926,9542.0,-3977,270.6126565342885,18033.333333333332,-4999,387.71671359383,7607.7,-5789,481.59096687437983,17853.625,-5648,401.94167409588175,0.0,1
-5729,629.0815924822459,10674.1,-5108,748.346391043381,15335.666666666666,-5730,1281.6442371490161,24006.666666666668,-6559,533.4840525967013,2677.0,-5089,264.04797543881267,9641.555555555555,-4985,518.2149746967949,13178.7,-4992,622.4169743829237,16197.8,-5307,611.6476436642289,9290.1,-6018,621.3754903438017,11662.875,-6420,1091.096001447627,7753.625,-5764,553.6436880642026,20112.88888888889,-5849,700.1409029264203,26601.444444444445,-5516,182.6697566648476,2116.0,-5544,588.9502865267981,4005.6,1
-4672,607.2857646940195,8587.375,-5895,725.7106861553025,9597.5,-4963,742.0949804438789,16218.8,-6857,325.3343049848938,7015.1,-5861,400.07380569090094,2806.0,-4646,393.0822941827895,13547.0,-5876,318.5914066245353,2643.75,-5622,363.31238624632226,1794.9,-5498,545.8455917198598,4411.8,-6064,383.1177493624444,4118.777777777777,-5647,557.6634149511692,7957.0,-6527,850.4501349866227,17756.555555555555,-5753,581.4323348421572,11854.5,-6050,825.2741423308962,11777.4,1
-5519,614.0208465516472,6912.6,-5761,527.2206369253782,11452.9,-5549,147.143689318023,5300.714285714285,-5854,350.4189492593188,3847.7,-5983,583.5782381137897,12377.7,-4664,401.5729572568397,10936.1,-7854,1004.2333849051374,6096.666666666667,-5313,496.0843577457342,14264.5,-7297,958.674858528688,2911.0,-6129,605.1538729942996,9178.8,-6055,579.0527523464474,9429.5,-5486,534.31742542342,10792.222222222223,-5461,446.1910353200719,6260.5,-5223,225.96789594983318,16374.6,1
-3473,735.8158465268324,10346.4,-3459,327.0590772322343,2892.6,-4927,1018.5682519844293,14657.111111111111,-4776,156.028091804331,4121.333333333333,-4117,737.8731327267592,11622.8,-3932,991.3734109809483,19517.9,-4037,471.16159648256564,15471.1,-2952,728.2599879164036,7189.5,-5443,881.9484168589452,23890.3,-4615,456.8748187414137,9768.7,-4259,615.0378524936498,12055.4,-3900,685.1191210293281,4688.4,-5679,1220.7812111234743,17576.88888888889,-3884,1064.0992481906944,13063.0,1
-6367,883.8846078533102,5781.9,-5132,794.9476020468252,12439.5,-5825,920.7590015247702,17565.5,-6389,438.2000114103148,2161.6,-5651,654.0713187413121,4329.6,-4844,775.7442168653272,7091.7,-4919,706.024787100283,9135.9,-4088,811.0944211372682,5686.1,-7770,1124.2225269047046,17515.9,-6051,1256.3895733410086,8439.5,-6640,940.7111352588557,9332.9,-5630,348.049436143781,5580.2,-6398,504.26168801526205,16232.7,-6263,789.765591805567,5323.7,1
-7728,986.1267416601598,12453.111111111111,-6018,344.19965136530647,8074.9,-4994,694.9057562000748,19789.8,-7292,652.6409457593353,1600.7142857142858,-6162,713.5927877064485,9399.0,-5787,918.9623768141988,18261.7,-6314,480.1150252804009,20424.0,-5366,350.2951469832174,2445.5,-5166,124.7188838949449,5196.7,-5641,552.1939514337299,7617.8,-6258,824.2951347277296,18665.0,-6347,658.4717622862744,4468.444444444444,-5072,597.4144290189182,4967.333333333333,-5043,528.162012181024,14116.111111111111,1
-4960,261.32974261457497,5391.25,-6024,520.4879321367596,15100.125,-5228,554.4018037488689,4542.5,-6943,767.5725112326537,4690.3,-5584,422.02584044108295,2607.9,-3662,248.89761889451296,3452.8888888888887,-5530,640.083931996417,12398.9,-5618,1269.7524693157056,13368.666666666666,-5102,195.60618031589934,8305.111111111111,-3754,281.30074542204824,11804.0,-6969,1168.961487817282,7173.4,-5447,591.6960706308605,16287.7,-5748,669.9141437527654,10623.6,-5713,1479.3412757034787,15106.6,1
-4668,768.4375200510592,16417.777777777777,-4585,917.0678491802013,11246.6,-1777,851.1469386134871,12689.444444444445,-3954,274.14261405244093,6976.777777777777,-3784,612.6692862556331,5795.222222222223,-3605,651.0323801471022,11707.6,-3685,1005.5847303932177,4269.3,-3590,1134.5409252693846,8015.777777777777,-5234,919.4943229841076,18751.1,-5142,1189.2614369566093,15199.333333333334,-3551,560.0480138146889,4575.0,-3765,629.7402364722275,3143.222222222222,-4305,770.3746723526613,11680.444444444445,-2773,806.8770910120077,11747.8,1
-7960,1627.9440899490378,4799.3,-4970,1059.7996084166105,9558.7,-6163,576.1111953217018,5139.75,-6410,842.7960533248836,3241.5,-6023,246.04397980848236,2494.9,-6928,764.2857842456588,16097.7,-6985,564.7043120076213,3274.5,-4913,827.4130740215118,4036.1111111111113,-6148,576.3553504566514,4960.5,-6225,746.8970477917283,9084.9,-7596,959.3828015969431,16314.1,-7166,370.1532621766287,1453.0,-6802,789.8032103702261,12824.111111111111,-6484,662.3344245922877,3379.8,1
-6199,660.5927940162346,10442.666666666666,-5862,816.4676111151008,15150.2,-5285,778.9680930564481,12093.3,-6217,478.24171273788966,4193.333333333333,-4922,263.4670546555832,1916.888888888889,-4845,705.1044752287798,17272.222222222223,-5558,729.484201336807,11857.7,-5139,369.8059551230182,12923.222222222223,-6589,690.657836351389,24145.222222222223,-5370,445.94658873008063,11759.0,-4506,445.4269973856557,10628.4,-5202,484.43149829796647,3017.4444444444443,-6165,880.9264668518055,5511.3,-5587,541.7778142375334,12710.1,1
-3912,844.9785559409195,9234.6,-6115,832.3915270598259,10365.333333333334,-4364,1049.3876547777752,15898.7,-5980,451.70068205930716,6229.0,-5085,385.41080680230294,3036.4,-3469,378.3057097110735,10879.3,-4821,481.1716533629139,16566.4,-4604,408.03624869233636,2122.4444444444443,-5810,654.4949885216828,16725.7,-5220,428.2468914072798,12412.9,-4836,488.6212106529965,13541.375,-3971,580.1212091312914,15883.222222222223,-6642,1182.6586532047183,18583.4,-5609,470.94527282901913,20352.9,1
-5128,938.1866338847502,4906.4,-4313,457.47222866529955,14133.4,-4925,3343.4918648024254,23023.0,-6738,733.1567976906496,7751.2,-6010,413.54636983052035,2983.9,-4701,669.9029855135755,7053.4,-6510,747.7854304544859,7831.7,-5005,1050.768866116617,7888.3,-6319,458.32860603622396,10699.444444444445,-4624,590.2334754616651,12159.555555555555,-4722,776.0518088375311,18462.0,-5459,587.870053668325,12474.3,-5657,953.9456431055194,9192.6,-6001,2029.7329110008532,12897.1,1
-5389,424.25403946220956,10303.9,-4668,393.1102262724776,8276.2,-4462,936.7427394968166,6387.0,-6314,249.39047696331943,4515.3,-5519,208.70095831115898,2551.3,-4890,673.4722637198928,7656.8,-6235,503.28768115263694,11785.4,-5408,601.2267910871841,12158.666666666666,-5649,356.008553268041,1970.8,-5096,907.6508359495973,12951.7,-5815,392.3139176730809,10677.7,-5734,371.28572555377906,2103.0,-6212,462.38346546541027,2654.4444444444443,-7049,1104.9481254792024,19904.0,1
-2787,155.422794010273,1382.857142857143,-3643,610.7660845200878,7443.4,-4364,1291.3800525019738,19086.9,-4975,558.7588030626439,3060.6,-3391,151.1485692952487,2408.3,-3693,226.78668391243622,1687.9,-4000,745.1500967366695,13107.666666666666,-3778,390.39600407791187,17974.4,-4793,538.8497580294488,19492.666666666668,-4101,1052.9934282795887,13580.7,-3630,334.9583406932838,6275.2,-3868,345.0713114705409,2377.3,-5437,623.1761308009173,19748.4,-3578,1074.4194758100762,7514.2,1
-4877,583.716198164827,10637.1,-5442,471.18914448079636,8913.888888888889,-5209,1433.4465494046165,14969.6,-5814,435.28147215336526,3694.5,-5268,791.5183131172635,15448.1,-5651,812.8793055750017,6393.444444444444,-6313,455.98946814781135,1205.888888888889,-4820,419.4727762322628,5029.9,-8347,1616.0595564520518,15300.1,-5188,694.7889175857689,11862.4,-5865,999.1851880407388,13966.2,-4696,757.3010563837851,6415.4,-5337,354.0596136245998,12383.9,-4067,516.264089396111,3091.8,1
-6146,907.2254405603935,15625.111111111111,-4503,431.175381950316,11586.9,-4718,365.4744997944445,14121.2,-6890,250.13630851900513,2085.777777777778,-5938,584.2143822642884,10989.555555555555,-5061,763.4167995771018,8858.555555555555,-6442,521.596433563505,16280.222222222223,-3940,831.2989895338499,21168.3,-6689,521.387341618499,2008.4,-6577,1175.144688963875,3359.5,-6050,541.8452177513377,11541.4,-5624,686.5021558596891,18909.5,-5041,394.3164972455502,4772.0,-5995,366.2764529696184,3145.2,1
-3591,463.74712937116965,13340.9,-5209,1256.828564283928,15207.7,-3899,531.1894083093148,19813.5,-4606,207.02946650175008,1956.8,-3152,391.1127842451574,13476.2,-2649,500.15738522988954,15270.2,-4642,443.18330011407244,1051.5,-3705,1089.5479291889822,12252.1,-4402,599.604778166419,17433.0,-3485,611.2279852886322,11526.4,-3970,803.5797839267755,14098.444444444445,-3913,529.5346636434664,10758.5,-3714,473.8945030278364,7001.25,-3394,653.1225076507475,4392.7,1
-5713,1744.1871987762668,3127.75,-6703,1012.7547037659199,13476.9,-6822,571.2799313821534,5844.8,-7888,951.817793020862,11022.777777777777,-7247,1016.172431233991,17884.4,-5979,330.6510386721929,4854.75,-5343,853.2169770208168,12230.333333333334,-6197,1114.5299502480862,15737.9,-8398,882.900107599949,9427.4,-5430,569.1156385129437,11372.0,-8303,1130.4976293650511,11599.6,-7288,810.9738836732071,22516.7,-6123,479.651696546567,4014.375,-7698,1283.544331139364,7233.2,1
-6166,521.6770648590918,1532.6,-6271,804.5041951413305,15362.1,-5319,736.6782812055777,7035.0,-7327,730.442754282598,4290.666666666667,-5294,383.82683595601134,5715.2,-4541,568.1864804298048,12451.555555555555,-5363,1121.0346504457389,5966.375,-6223,1472.8569516419439,20796.1,-5903,455.19897778334257,1028.75,-3860,439.41324513492066,8024.222222222223,-6704,1372.2631817548697,14533.2,-4678,382.7314114798158,25187.555555555555,-5667,327.72447777565895,10702.111111111111,-5493,1148.5640774462715,17315.3,1
-3561,796.2384630247401,12973.1,-3514,546.8300010057969,17334.8,-4163,570.7491918522536,2008.6,-4270,539.3393306446752,5567.888888888889,-2749,453.79228728571496,4171.5,-2162,279.14519519418485,11005.6,-4092,543.7602780637808,18518.3,-3886,896.4439748249747,9898.1,-3230,353.2958533580589,1329.4,-4063,491.25094401944943,6151.6,-4962,802.1361227216986,2741.25,-2369,398.6707413392653,13754.7,-3861,824.6452873811864,8317.4,-1928,744.6770843795316,9322.3,1
-4960,303.5073876777961,5396.75,-6059,539.1281735357558,15130.75,-5166,564.0465317684334,4845.9,-6967,759.6118482488254,4685.3,-5580,426.96161680205387,2665.5555555555557,-3655,225.2342539131254,3459.6666666666665,-5318,657.9398452746296,12420.9,-5612,1298.7098251251296,13363.555555555555,-5155,201.0997541299142,1388.111111111111,-3806,293.91127913028106,14045.9,-7039,1172.1677524996164,7265.8,-5439,590.5775562955298,16268.0,-5747,659.3390705850834,10632.5,-5698,1449.9622098523803,15103.7,1
-6768,522.4572326994836,5145.3,-5767,578.2727367122662,11260.222222222223,-4517,1104.7908218300881,10882.9,-6655,362.0926538884814,2822.6,-6272,379.8323445943001,2865.0,-6164,788.8489082200732,10586.9,-6335,587.9140753545514,7669.8,-6194,877.2266905804154,12502.222222222223,-6180,318.2131989719992,16870.5,-6338,835.2293158169185,10071.4,-7223,753.0975704497234,1907.7777777777778,-5889,580.3975275619313,21392.0,-5768,194.28033868614057,8997.1,-7109,955.2579639959982,5998.333333333333,1
-6003,620.6660938056779,6190.6,-7067,740.1265364787263,10832.3,-5137,563.7064484286133,15748.5,-6449,434.76969765612415,3380.0,-6149,371.13003943745014,2974.0,-5323,443.7754950422582,9030.2,-5048,584.5291181797494,18158.8,-5605,671.238174942397,5364.0,-8346,826.0403682629501,23003.5,-6058,1004.883321585149,9452.7,-6864,597.8215787339934,13992.4,-6030,732.9223696954537,10588.4,-7347,630.6321352420923,10962.7,-6763,828.4706150491993,10267.1,1
-7507,1320.864338227057,13303.6,-6919,1361.5209913916115,8908.2,-6321,1618.958749350571,13257.888888888889,-7165,605.5475621286915,2155.8,-6389,548.1509685980678,1521.25,-4092,491.32294878216135,9750.7,-7059,1623.9437059208672,13350.9,-5302,841.9350568779025,8220.7,-6379,897.0595311734525,6784.111111111111,-7109,828.0629410709067,3717.125,-6170,510.2236372415569,8852.2,-6223,870.4710430190597,1973.7142857142858,-6492,533.4098093317727,7890.666666666667,-4805,975.2684963639504,14105.0,1
-7621,1198.3783250710085,11085.1,-6447,1078.1647554988997,14523.3,-6170,679.1579754045122,4076.222222222222,-7269,679.3426307836102,4996.2,-5879,477.87698207802407,2653.8,-5231,375.95989147779596,7838.7,-7032,440.5851223089586,4746.0,-4094,450.4639583560222,13212.333333333334,-6287,749.8286537603119,2798.8,-5735,456.72750081421407,10195.8,-6256,725.569769215889,10944.6,-5829,951.9513065278052,2201.3,-5740,540.7389018740952,6747.4,-6316,1278.2015842581309,18678.6,1
-7238,1184.0493712595967,9903.888888888889,-6015,705.1809413193185,8332.5,-5907,1495.130014413463,9347.4,-6507,568.6989449612112,6064.0,-6067,839.544585540942,4229.333333333333,-5156,632.0897483743897,11463.7,-7157,1356.0414975987546,12056.111111111111,-5231,730.1249824516362,10267.9,-5903,682.9722981205022,8483.9,-6805,1030.5313386792288,10249.5,-7002,724.231185464972,12672.8,-6443,669.119122428883,2787.5,-6628,842.2651997243337,14364.555555555555,-4971,501.18508557218496,15904.0,1
-7041,1147.9788717567942,11230.4,-6610,1267.0247669244677,13323.7,-5901,1295.2437647022277,17235.1,-6628,430.91799798529735,4663.777777777777,-5647,345.14879400049716,2273.5,-5325,875.4244913183562,11471.1,-7377,1164.3548428206923,10169.7,-5509,969.271422254881,9521.5,-6192,514.4176378905016,5874.666666666667,-6736,676.4190712864338,7477.6,-6452,704.6955914032732,10319.444444444445,-5783,726.9552943613546,5162.444444444444,-6858,757.9204443739452,5686.9,-5506,872.7895737232432,23897.7,1
-7038,1097.5860057416892,11364.1,-6610,1331.7183786371636,13323.5,-5908,1277.3066389868957,17248.3,-6624,458.7996684855713,5504.777777777777,-5654,356.3043783059628,2277.1,-5322,870.6248101220173,11472.9,-7381,1162.1037647301537,10166.7,-5514,967.8155247773198,9534.7,-6151,508.4181228618045,5888.222222222223,-6775,684.3619217928466,10685.6,-6460,702.3701145249445,10324.0,-5787,652.4750219901027,5162.666666666667,-6854,768.7032002014843,5693.3,-5502,894.2996645420395,23947.2,1
-7514,1370.4985305436207,9393.555555555555,-6509,1109.5560673831078,12950.222222222223,-5796,1099.0969929901544,18869.0,-6969,272.53586919889466,2561.1,-6198,555.7746283341837,2103.0,-5146,1074.6836929999454,6040.9,-6736,1103.6168538038914,11488.2,-6071,960.2459175764405,11720.555555555555,-6346,913.6372584346626,20016.2,-5263,384.6440432399745,9780.6,-6041,717.2183001011667,14669.6,-6828,892.6314130178139,24189.0,-6540,533.6307805964742,5505.1,-5749,1035.475354548115,11244.777777777777,1
-7038,1296.5679156912681,12452.7,-6609,1324.6996791726062,13315.1,-5918,1289.1881786612846,17244.5,-6512,488.1548006268094,4873.125,-5657,354.2220207722811,2274.5,-5332,859.4939441322412,11473.9,-7377,1164.0437105194967,10169.9,-5510,942.9676611634143,9554.2,-6170,510.80829193652676,5878.777777777777,-6745,676.1162621916435,5809.9,-6445,704.8324903877289,10322.0,-5781,723.3027813994928,5162.0,-6850,752.1018813963984,5690.0,-5505,894.9567643188151,23941.5,1
-1551,1209.1632478701963,14143.9,-6504,842.4734120433708,8078.7,-6303,1334.9166415922762,18344.1,-6529,869.2277952297665,3125.1,-5719,720.9314619570348,3891.1111111111113,-5629,846.0223164905295,13118.1,-7094,946.5909148095599,20567.1,-5545,642.4201818124997,9611.6,-6755,863.6770461231416,14715.5,-5475,485.2418881341489,8465.3,-5913,703.7749356150756,15796.7,-5757,957.0367589725539,4663.555555555556,-5700,709.1383221910916,14163.8,-5663,796.4279063418131,11784.3,1
-7464,1697.891150810322,8800.7,-5679,487.2497521678761,10764.333333333334,-6579,1570.9757986678212,20418.6,-8026,296.24418523231003,2160.4444444444443,-7118,454.6039485090291,1460.0,-5974,902.0101385239541,9102.1,-7304,594.756179942879,11295.111111111111,-5034,367.4051869919243,12479.42857142857,-6182,352.77852825817655,19505.8,-6810,719.7250864045238,9550.4,-6008,774.4768298664586,4134.7,-6960,474.71489799141546,6133.625,-6690,565.9486195760143,5744.0,-5780,860.7325949445632,25080.7,1
-7220,463.98826426430225,5470.75,-5519,621.8401804322431,7596.0,-6590,1237.7414018193688,19414.777777777777,-7887,264.65753224686426,1767.0,-6778,229.65115789167072,1971.888888888889,-6184,481.11490888930024,13671.777777777777,-5621,711.7051164910225,5202.555555555556,-5480,844.0162949687855,8274.111111111111,-7088,944.2365646383313,5695.2,-6251,298.28348931846546,3035.7,-6155,692.0018497085096,15196.4,-6068,371.33837332007585,2526.875,-5837,977.0744313738068,13178.888888888889,-6904,724.6358472440568,8329.333333333334,1
-5180,639.4208316906793,16784.5,-4747,734.2231608986469,12285.4,-4183,836.0482146885727,8343.555555555555,-5855,1052.879081376394,12432.9,-5244,148.67935640298617,1416.5714285714287,-4000,458.6590127752838,6153.9,-5034,658.5362252754217,11632.3,-2640,477.571942224416,2895.0,-4684,209.3333923094892,2341.8888888888887,-4427,565.3607343988452,14092.2,-4155,1059.2298040452686,9292.111111111111,-5170,530.4878258106738,1734.4444444444443,-5199,398.9976639060311,5553.777777777777,-4589,1194.6861554399975,6859.9,1
-8004,1005.5328733437808,1207.375,-6437,690.40950891482,1780.2,-5991,1026.8374272691951,14261.285714285714,-7090,427.9380913169543,9383.8,-6709,820.134994985584,2151.0,-5706,496.50402818104106,2477.75,-6936,903.3939561453778,8176.9,-4136,244.76398836430957,3466.2,-7723,874.3871911230135,18014.1,-6220,556.4409611179581,9882.777777777777,-6863,1350.81919219413,13183.4,-7623,518.9161179805461,1359.0,-6782,892.6855269354394,10223.8,-6338,1032.866012607637,5117.8,1
-6644,759.1297324023608,14988.777777777777,-5460,382.0885892041286,12857.5,-5412,163.46831497267084,4318.6,-6435,428.89426435894325,4038.3,-5966,310.19913954239667,18809.666666666668,-5154,498.7840275839266,7780.555555555556,-5114,253.44180791653142,5355.25,-5209,536.8081687157915,13762.8,-7801,723.0605023094606,20431.4,-6078,388.7467170279357,8936.2,-5849,421.9111280826805,12976.9,-5730,239.24550152510736,2472.8,-5432,212.76597472340217,11381.6,-6766,754.310420185221,13083.9,1
-7419,1384.542628451718,9203.3,-6521,662.4546944676473,13487.555555555555,-5849,219.47029411745203,5851.9,-6985,402.61849724148607,6263.444444444444,-6057,356.9577559126277,14458.777777777777,-5327,801.1095368300156,13389.4,-5140,119.87472885177804,2455.6666666666665,-6410,741.6824724907532,10766.6,-8533,867.9818456482832,15000.875,-5612,312.43477719356827,7234.1,-5772,328.84064961543305,10517.333333333334,-6156,358.6884999550516,2757.0,-5721,325.0230914873613,8494.4,-7806,1118.4753953485113,9215.5,1
-6000,589.6305811457067,6873.666666666667,-5308,487.5016307665068,10866.6,-5670,348.4480592570444,16679.5,-5925,493.2465639408956,7701.777777777777,-5533,548.9320945658434,11186.333333333334,-4454,1046.5805272409766,21330.7,-5398,291.8179713366874,7220.222222222223,-5094,463.7907825733502,8484.2,-5808,317.5849650093612,2341.7,-5797,356.7590223105787,7025.9,-5237,468.6624478235851,11527.3,-5409,287.66183850718204,4580.111111111111,-6170,501.1587073971685,4586.3,-6102,895.7415853103643,11255.666666666666,1
-5213,870.6492749666769,10103.6,-4653,383.6450262584454,5067.555555555556,-5635,1407.0073525038883,12275.4,-6620,501.41776771248584,4304.777777777777,-5364,666.4186205214978,2713.8888888888887,-4683,458.8000544899709,5179.1,-6204,557.0527443608923,5692.2,-4595,472.89931275061053,8450.0,-5371,464.1511499501028,1440.1,-5037,706.1502743750801,12005.3,-5150,468.97511055597084,7781.666666666667,-5434,295.2260997947154,6512.2,-5367,215.9400148189217,9726.4,-5613,588.8573341650767,12766.8,1
-3690,730.3125662649137,9264.666666666666,-4053,783.4968091830368,13984.7,-4204,1080.5445155105824,11604.4,-4859,339.85474838524766,2841.5,-5731,869.1003394315298,2870.0,-3178,556.6284577705322,9413.9,-3776,599.6345970672476,11018.6,-2802,546.6873979808863,7147.777777777777,-4330,232.49045141682413,8122.0,-3926,553.738710945876,14160.6,-4594,915.4786507614464,15044.8,-3465,250.1275723888436,2068.5555555555557,-5461,701.4083332838301,17824.9,-3501,844.1804850611185,8422.777777777777,1
-4258,1019.7029515378485,10248.125,-2420,423.80448322310053,13643.1,-3154,578.4598862496862,4289.6,-3497,292.42860667178275,8405.7,-2543,227.69705886832293,1660.6666666666667,-3285,733.3348484832833,20772.2,-3587,537.0886652825584,9338.75,-2888,563.1821844123858,2505.8888888888887,-3900,343.9173737978356,22291.9,-3038,138.7227450708787,10409.1,-2545,329.5339739693006,7635.7,-3185,964.955211395845,8800.8,-3691,578.0858154288192,8624.9,-4181,1008.1295601260782,17683.8,1
-5912,605.1104031497075,17597.2,-5285,682.067804547318,13612.3,-5141,1007.600008821843,13900.333333333334,-5785,899.2661674943635,9492.0,-5218,554.9844682511375,5145.6,-5118,670.0513786270434,19824.4,-5191,905.6497336166968,13850.1,-4340,312.71444000502254,4963.444444444444,-5709,241.75574450259413,6363.0,-5374,583.217017927286,8822.0,-4970,389.35695704584003,9229.4,-4958,390.5291410381534,6922.9,-5665,527.345275886684,18490.0,-4772,631.4808073092971,7633.5,1
-5767,630.8701222209752,9495.0,-4738,475.12323664497416,15231.6,-4843,1070.333406000205,13902.1,-6396,662.8733212311349,2694.7,-5244,175.17031712021551,4038.1,-4307,629.856675838849,15527.444444444445,-6715,892.3327238199914,6840.3,-5545,858.1913798474347,9359.555555555555,-6274,471.04000891644154,9119.9,-5290,657.3059029097493,14452.0,-5982,739.9874593531983,14568.6,-5145,548.5581099573682,6925.222222222223,-5483,337.68535650809395,4145.3,-5095,865.6810777619318,5799.777777777777,1
-5538,294.85420125885946,2078.375,-5617,695.3894370320866,10748.111111111111,-5657,299.7532318424607,15018.222222222223,-6459,575.5160218082779,5792.777777777777,-5232,227.00193070370338,2548.4444444444443,-4937,314.0388670212656,17787.8,-5722,360.1518541180793,3842.777777777778,-5362,734.0135489212695,8404.4,-5381,232.2414476358679,11069.7,-5418,666.3727485424332,11386.1,-5455,493.3063305923272,7729.444444444444,-5172,631.6590931823943,8330.9,-6406,716.4116763425858,9017.5,-6417,925.5623048973603,13641.333333333334,1
-2960,267.09340854631546,6364.666666666667,-3028,531.4296754980851,8892.75,-3210,530.2492076582689,9396.222222222223,-4086,415.01861404038164,5608.3,-2844,368.32877976069256,3799.2,-3714,786.6232961208312,9306.3,-4298,513.0120953739768,9396.1,-3088,199.9740983227593,2405.6,-3157,677.8291008801555,14916.9,-2736,686.5079460574361,7317.6,-2715,314.1849932762558,3069.9,-3405,836.2092142520313,15985.0,-2610,527.3847425425446,5997.222222222223,-3317,771.7241735231573,9796.2,1
-5468,300.1182894365564,2877.0,-4828,316.9366024933041,13103.3,-5219,429.8905558394987,5099.5,-5793,244.87099148150304,6193.777777777777,-5127,183.42489296174094,1885.6666666666667,-5345,423.7392594509044,20900.7,-5129,213.977730466995,3774.777777777778,-4363,380.55865367757445,4572.888888888889,-6293,294.76907911108134,18118.0,-4892,391.7708513914716,10504.2,-5119,250.60385072858594,11009.3,-5069,212.5021411656749,3968.3,-5433,406.18863829081283,9188.333333333334,-6138,715.0073845772495,11301.0,1
-5732,389.7389951942197,9283.125,-5201,614.5774564690762,5631.9,-6453,756.5189026058778,16803.9,-7237,424.496513531029,5041.1,-5948,505.79364357071654,3066.222222222222,-6144,557.5147454175807,7847.111111111111,-7021,538.2430494181141,4732.888888888889,-5834,769.8103662591196,9950.1,-6402,634.5434264098868,19234.2,-6778,757.0301447102333,8221.6,-6139,311.37445303043205,13407.2,-5900,317.2589005843664,1671.5,-5898,609.542689235137,14700.6,-5751,490.39263605808765,3402.75,1
-6418,728.4955578298195,7821.888888888889,-5273,599.7379880589399,5538.666666666667,-3967,706.8952635152157,8227.222222222223,-6015,586.0061091831724,17930.3,-7255,864.5869302736437,2624.2,-5697,803.6624229115102,14503.5,-5929,848.1221374306888,21622.1,-4507,1196.2127375932118,18627.777777777777,-5669,476.8986894509141,13500.4,-5913,608.5569488552395,8781.2,-6087,663.0060708621006,16535.0,-5421,751.1235584109991,18154.1,-6822,643.4083923722164,2929.75,-6471,1160.6675837637588,12775.1,1
-5430,978.2437119654803,15595.0,-4046,348.92039206673644,10662.9,-4201,661.7542141913407,13416.6,-5914,672.295946737747,2360.8,-6024,828.6695867175405,2253.777777777778,-4005,660.9913842101116,3213.7,-5060,706.3290772947812,8430.777777777777,-4612,699.0862679240663,6271.6,-5740,630.0706627037947,25402.8,-5665,649.9952136575929,5626.666666666667,-5412,563.1233346257321,13511.1,-5561,732.8125423477823,8208.0,-5182,587.8258330492127,6395.8,-5295,759.7103395373797,5446.9,1
-5379,412.0748164120019,6810.333333333333,-5376,573.578076638219,7646.4,-5962,608.5589207299464,8976.0,-6598,654.0416417444676,3861.222222222222,-6304,812.5924466637626,3635.75,-5220,613.4658996227909,11915.6,-7587,863.4759058595696,16031.6,-6099,742.5918731039312,17511.9,-7145,920.4965833722542,16636.3,-5736,622.9098581319952,10715.666666666666,-6138,1154.5599334811482,11557.0,-7481,974.854701994096,8986.3,-5840,570.6654098506424,6883.8,-6270,647.2217626130922,25527.2,0
-5967,633.4232787007443,10535.9,-5867,711.8977173723734,7092.2,-6061,356.53982947210613,6981.9,-6923,708.5505984877093,6857.888888888889,-5468,542.7658795466059,15925.2,-6443,931.773272904288,7924.666666666667,-5541,853.5728967112329,14587.1,-5731,448.3872879554015,6738.8,-6404,246.74650960044718,7545.2,-5002,405.04291130693537,11274.7,-5860,644.6600732168878,10363.4,-6428,478.8764350017582,10136.6,-6244,606.864762529508,10860.0,-5916,835.3312157461821,15942.0,0
-6451,427.73454384700284,1462.2,-7507,1684.9531032049529,11343.2,-6800,1078.1767016588701,14747.4,-7085,1063.4807238497556,20395.5,-5228,412.68982164440166,18074.222222222223,-3787,764.41483502088,5600.9,-6294,1038.4222888594031,15624.9,-7374,1241.2785324260321,12382.111111111111,-5809,621.3219274257106,26780.375,-6681,810.7023018483566,1011.4444444444445,-5388,885.4631782293372,24546.2,-6759,973.1298423129349,17883.3,-5749,868.9207156006818,16500.9,-6493,775.9271470312145,23329.625,1
-3406,392.59042270539436,3158.4,-2981,697.2132815717163,13648.8,-5648,860.7575791127274,13726.1,-6170,1090.9490375215216,13355.666666666666,-2748,327.17084222161185,5130.5,-4082,881.5551258996793,15010.2,-4242,874.8294976736897,18298.6,-5438,701.4030031583153,5430.555555555556,-4967,1082.9607564450343,15982.555555555555,-5075,1386.751271858079,12540.0,-4437,1295.0073976622675,15970.1,-4640,840.8367023388058,5751.0,-4816,1035.237465512141,13743.7,-4429,570.3422840607673,4991.0,1
-3139,408.7319143127668,2192.5555555555557,-1495,364.7744440907673,4883.777777777777,-4349,640.9513944130244,7628.1,-3935,1541.5154102376014,14739.9,-1174,245.49289195412518,13054.4,-2831,847.6573090466729,17483.0,-2964,613.6791995823233,18016.7,-4479,839.7146181888229,13011.7,-4810,1192.572269208014,9737.888888888889,-3580,969.7894665209558,16617.125,-3164,1051.9519428186825,12581.3,-2882,235.59230542400996,9783.5,-3478,706.1906541437654,9464.9,-5003,749.9842138256331,4190.444444444444,1
-4747,615.3860576906175,2954.625,-4264,366.6488919934192,9569.0,-6590,833.3435606039075,9144.7,-6782,358.5997908532608,1469.4,-3855,339.09137411617985,8486.5,-5039,807.5880385444051,12960.7,-4972,423.4112539836372,15644.9,-6697,809.6083559351429,4867.0,-6423,764.1913340660989,7592.555555555556,-5107,709.6099280590711,7044.7,-5150,426.8843988716329,19985.7,-4822,478.07478494478244,7682.5,-5327,723.1362421365437,9348.666666666666,-6337,971.2746316052924,11601.0,1
-6406,469.63037327242796,1927.75,-3018,469.38110026283704,5230.333333333333,-6223,423.1329460110553,12814.5,-6284,909.6045294522222,15924.8,-3915,379.54124940512133,4274.8,-3474,257.3092303047038,17953.6,-6321,807.439062716188,7860.9,-6241,1434.0661630482737,10838.5,-5628,866.705278627055,16810.4,-5799,1052.2072229366224,7395.4,-4336,414.33797798415833,5272.9,-5282,880.7060860468703,11658.1,-5479,687.9888371187419,16364.1,-5109,455.75493414773075,1486.2,1
-3776,382.75945448806453,3104.1,-3676,555.740991829827,16833.2,-4949,1185.6496995318646,15888.8,-4196,518.2304603166438,19664.3,-3984,733.4123055962447,17098.7,-2975,519.1405301072153,21766.2,-4287,998.1820525335037,12510.9,-4995,1352.4386296293005,10413.222222222223,-4156,1141.2019277936745,15810.1,-5158,1216.7072326570596,5772.5,-4050,1291.2718201758482,10591.777777777777,-2945,744.8020206739506,17287.3,-3995,795.4946951425878,11489.3,-4191,1415.4419239234085,11076.1,1
-5904,666.5544538895499,2305.2,-2404,664.1301754927265,12764.2,-4402,239.34084482177107,3585.4,-5142,788.645015200121,13883.1,-4731,735.3792490953214,14252.0,-3974,656.853682337246,12865.6,-4345,315.0460918659349,5141.9,-5205,616.2096721084497,1234.7,-6801,885.1765304163943,7198.8,-4633,374.4644300531093,5118.75,-6336,1132.2372366249047,3176.5,-6363,681.2572980694093,9928.666666666666,-4101,668.3251903078339,10468.9,-3715,396.4377504728839,8178.6,0
-7033,1152.7041944922403,12312.1,-6993,855.7333148667541,14760.333333333334,-6383,480.68655067518,14685.7,-7257,1041.826861815337,12472.0,-7043,1139.340791861679,11824.5,-5605,572.4493427369797,12945.6,-6545,905.3636230819038,18610.8,-5151,843.1089134862689,9859.8,-6218,528.7991679267303,14303.8,-6297,1010.5711256512329,8080.777777777777,-8355,1470.1604028132438,12686.8,-5482,631.6708003382774,6402.666666666667,-5589,625.5759346394328,9256.8,-6156,694.3457064027982,10177.5,1
-5378,544.5306602937989,8783.1,-5748,938.5002983483802,11860.4,-6515,944.0822474763496,11101.9,-7422,795.1475397685635,18149.0,-5973,665.1351742315247,13281.1,-5119,532.5973713791659,21174.1,-5853,658.5660862814019,9233.6,-5359,367.98782588557924,9134.5,-7398,737.0869419546136,16852.5,-6631,839.9347831825978,5580.7,-6803,452.1202997345917,5880.444444444444,-7760,1084.8927320246962,9389.4,-5145,474.8081823220851,17806.7,-5808,524.7214499141439,8731.1,1
-6052,782.7461174448583,7361.5,-4445,336.65577282292367,7684.75,-4572,351.85918900731343,10359.444444444445,-6158,424.2004243279393,2013.6666666666667,-4661,425.02027525166375,16932.875,-5226,403.84354566465464,7176.0,-6694,384.3520318340987,2622.5,-5424,848.2131254424464,6681.111111111111,-5345,511.75343696639123,4335.888888888889,-5382,280.5656983865133,9255.222222222223,-4628,275.4398502597472,11797.777777777777,-6269,516.2242578327756,6720.875,-5214,280.755613097428,9648.714285714286,-5753,801.8967098905792,28825.333333333332,1
-4153,575.8679332479002,11889.666666666666,-2176,345.87541466420697,13279.111111111111,-3541,705.1855358698167,4299.8,-4518,573.5558569029289,5880.333333333333,-3109,568.7527142792378,8353.5,-3043,841.0755079063953,16393.3,-3671,493.7203256905672,12428.0,-2647,543.2348387207878,12626.7,-3467,399.28762815794755,5084.4,-3458,452.43197278706936,8243.7,-2326,444.75503369832705,0.0,-3078,668.2680674699345,3713.1,-3290,564.0646771426119,14145.5,-4385,612.5344153596598,9136.2,1
